0.0,1110.4533081054688,971.5266418457031,1193.0074462890625,998.8971481323242
0.0,1632.120849609375,967.4418029785156,1659.0984191894531,990.4989471435547
0.0,739.5855712890625,1037.1156921386719,819.7731018066406,1064.4289855957031
0.0,832.4800319671631,1176.5552673339844,857.2809638977051,1200.1165161132812
0.0,1430.5745086669922,1210.8834838867188,1514.324951171875,1238.7695922851562
0.0,851.2838287353516,1241.7207336425781,919.1500854492188,1274.6869506835938
0.0,1437.4646606445312,1646.0580596923828,1472.3681335449219,1673.8746948242188
0.0,831.9526739120483,1693.2214050292969,863.6306228637695,1717.6015930175781
0.0,1298.9699096679688,1825.8535461425781,1401.8768005371094,1861.4279479980469
0.0,683.5734558105469,1866.3475952148438,717.7899780273438,1893.9726257324219
0.0,873.4525833129883,1870.0941467285156,889.6687507629395,1895.0920715332031
0.0,1199.8867797851562,1878.94384765625,1216.0322875976562,1901.1297912597656
0.0,753.796142578125,1920.539059638977,857.1750316619873,1945.1900825500488
0.0,1340.635513305664,1920.3541612625122,1667.8237609863281,1946.6191024780273
0.0,421.8562316894531,1950.4798183441162,817.1953430175781,1988.5010528564453
0.0,461.4071807861328,1994.1328048706055,566.7034912109375,2028.7978515625
0.0,1027.4139404296875,1991.464210510254,1318.5744018554688,2030.850196838379
0.0,1371.2936401367188,1991.4866790771484,1661.9393310546875,2030.470947265625
0.0,441.0420913696289,2036.252555847168,674.0308532714844,2071.1161041259766
0.0,892.2507591247559,2035.3209075927734,961.8826599121094,2070.3951263427734
0.0,1212.4120483398438,2036.1505889892578,1317.0809936523438,2070.3362731933594
0.0,1190.3786926269531,2172.7356872558594,1295.3248901367188,2207.406005859375
0.0,667.8853759765625,2212.4759216308594,1021.8019104003906,2252.340118408203
0.0,1070.9474182128906,2215.146697998047,1290.7330322265625,2250.4270935058594
0.0,1342.2706279754639,2215.835205078125,1375.5513610839844,2251.4375610351562
0.0,1447.9885787963867,2215.0414123535156,1610.8434753417969,2250.9717407226562
0.0,551.5552215576172,2257.549072265625,655.3763122558594,2292.4803771972656
0.0,1555.9114074707031,2258.7507934570312,1659.8855285644531,2292.5354919433594
0.0,699.5869750976562,2309.2363891601562,716.2829284667969,2331.9583740234375
1.0,1078.5758972167969,743.3960571289062,1091.3918151855469,766.927001953125
1.0,1141.6774597167969,737.9756774902344,1175.5909729003906,765.6209411621094
1.0,1356.9270372390747,872.7468566894531,1374.9975051879883,896.27294921875
1.0,492.91363525390625,915.7841091156006,730.13525390625,949.9517364501953
1.0,732.1899108886719,958.5340919494629,770.7621154785156,987.8725814819336
1.0,1579.8479766845703,958.8550224304199,1605.0726928710938,983.309326171875
1.0,832.0296173095703,1001.1910095214844,848.3848533630371,1025.5145568847656
1.0,1359.1399269104004,998.7761688232422,1467.6054458618164,1032.9423522949219
1.0,1141.4344787597656,1038.0204772949219,1175.1282958984375,1065.8648834228516
1.0,1666.0981140136719,1050.5717163085938,1682.2151489257812,1072.6045227050781
1.0,1312.7840576171875,1130.6788787841797,1341.8814086914062,1159.7452392578125
1.0,1343.1173820495605,1132.738784790039,1468.3846282958984,1162.77001953125
1.0,723.1628112792969,1496.038345336914,757.129638671875,1521.9810256958008
1.0,537.420166015625,1536.341796875,571.6167297363281,1563.7227478027344
1.0,808.5289306640625,1640.8717346191406,832.2940063476562,1667.0464477539062
1.0,497.0856475830078,1684.1208801269531,520.3659820556641,1709.4141540527344
1.0,573.7332916259766,1684.4251098632812,598.7283935546875,1708.8298950195312
1.0,1127.2749328613281,1683.6293029785156,1149.6515197753906,1708.2221984863281
1.0,1375.7882499694824,1683.2488708496094,1401.9172630310059,1707.7279052734375
1.0,536.3527069091797,1726.3003845214844,562.1746826171875,1750.0970458984375
1.0,1021.1106262207031,1726.2223815917969,1043.6671752929688,1750.1050415039062
1.0,1472.0503387451172,1725.6454772949219,1497.7980499267578,1749.2370300292969
1.0,1293.4171142578125,1773.7656555175781,1319.8898315429688,1798.1239624023438
1.0,1719.14013671875,1774.1853332519531,1748.3004760742188,1798.7709655761719
1.0,1007.1067810058594,1815.5818786621094,1188.007080078125,1842.7413024902344
1.0,1574.068832397461,1816.5233764648438,1596.5895690917969,1841.2235412597656
1.0,987.3883209228516,1858.2054443359375,1016.7640075683594,1882.5337219238281
1.0,1321.2112731933594,1857.6832885742188,1344.1981811523438,1885.4039916992188
1.0,1728.1823425292969,1857.5693664550781,1757.2500610351562,1883.2517700195312
1.0,704.5567932128906,1894.2003784179688,826.898681640625,1920.6011352539062
1.0,1093.8726806640625,1936.977180480957,1212.78125,1966.38720703125
1.0,1277.86279296875,1941.1669635772705,1293.1521301269531,1966.467544555664
1.0,495.17701721191406,1978.2117958068848,635.2573852539062,2008.9443283081055
1.0,1304.91162109375,1983.8849601745605,1330.480712890625,2007.1021347045898
1.0,1343.455135345459,1982.736442565918,1407.20267868042,2009.869613647461
1.0,889.1555633544922,2049.9976654052734,1354.9348754882812,2080.5115509033203
1.0,636.3272399902344,2115.4380798339844,762.9783325195312,2147.4859924316406
1.0,1041.6478729248047,2113.2451171875,1242.7142333984375,2148.459945678711
1.0,495.6798095703125,2157.6561126708984,603.310302734375,2189.0317993164062
1.0,853.3171997070312,2156.488296508789,1024.0128784179688,2190.4783325195312
1.0,1255.6960144042969,2157.476287841797,1289.3005065917969,2189.7677001953125
1.0,1359.6700592041016,2156.6727600097656,1402.494758605957,2185.8275756835938
1.0,1723.6624145507812,2157.1429748535156,1756.7553100585938,2190.089569091797
1.0,907.7271270751953,2198.6924438476562,951.6995468139648,2227.9097595214844
1.0,493.4477081298828,2240.9279174804688,737.2940673828125,2275.6424255371094
1.0,1360.1437377929688,2238.5892944335938,1582.3671569824219,2275.0128479003906
1.0,1271.5172119140625,2276.7913513183594,1418.6253051757812,2323.7039184570312
2.0,859.3102684020996,453.73435974121094,882.2437286376953,478.0170440673828
2.0,1292.0497436523438,454.39856719970703,1317.4097900390625,477.16016387939453
2.0,825.7844085693359,577.8397674560547,1266.3096618652344,615.1149139404297
2.0,545.2305450439453,662.8371887207031,578.5838623046875,697.1860656738281
2.0,907.9220581054688,663.905029296875,934.0241317749023,687.4329833984375
2.0,990.1386108398438,663.4661865234375,1015.5797424316406,687.8255310058594
2.0,1488.8151245117188,664.5204162597656,1511.7511138916016,688.044921875
2.0,440.0705871582031,703.4259643554688,735.4310607910156,739.4828491210938
2.0,511.3875427246094,749.8199157714844,536.9429321289062,774.3644409179688
2.0,854.751106262207,714.3952331542969,870.039192199707,736.2389221191406
2.0,1023.4010467529297,704.3858032226562,1444.160888671875,789.5895080566406
2.0,1269.4941711425781,817.6156311035156,1293.5825805664062,842.536865234375
2.0,1455.755355834961,818.6004028320312,1489.4886322021484,844.3562927246094
2.0,817.7600402832031,948.8980369567871,844.4435787200928,975.7064895629883
2.0,393.54124450683594,988.6916122436523,492.86688232421875,1024.767349243164
2.0,880.7656211853027,991.896614074707,907.0186767578125,1016.1096420288086
2.0,1229.1667785644531,989.6418762207031,1368.5114440917969,1020.8204879760742
2.0,834.1223831176758,1033.5052490234375,955.4280166625977,1061.4515228271484
2.0,467.8270721435547,1074.813247680664,554.0341491699219,1100.436767578125
2.0,1344.0714569091797,1074.7562255859375,1427.8417510986328,1108.7008514404297
2.0,1541.4861450195312,1074.9683227539062,1560.6793975830078,1105.5847930908203
2.0,399.70184326171875,1116.3983154296875,499.7909851074219,1143.951675415039
2.0,1088.3934631347656,1113.5709686279297,1277.63037109375,1149.6187133789062
2.0,489.576904296875,1153.3946533203125,629.6719360351562,1185.807861328125
2.0,708.1118774414062,1159.1157836914062,730.9725646972656,1183.9650573730469
2.0,957.257438659668,1205.0554504394531,1135.16943359375,1241.0984191894531
2.0,398.4389190673828,1250.1201171875,493.4955139160156,1275.3537292480469
2.0,1286.4261169433594,1246.8772277832031,1339.6570129394531,1273.6231384277344
2.0,1343.5952491760254,1247.6103820800781,1433.8457107543945,1286.4376831054688
2.0,710.2016906738281,1292.1364440917969,748.4908447265625,1325.1537475585938
2.0,814.1915588378906,1291.0069580078125,832.2797241210938,1318.6234741210938
2.0,1000.3319854736328,1289.1881713867188,1193.7468872070312,1326.1312255859375
2.0,1263.5396423339844,1292.1290283203125,1345.8137817382812,1322.9166564941406
2.0,1368.444507598877,1291.400390625,1482.3677368164062,1325.9009704589844
2.0,1550.8709259033203,1293.0082092285156,1645.8391418457031,1322.7484741210938
2.0,748.7265625,1333.8475341796875,977.9937133789062,1368.3904418945312
2.0,1134.5248413085938,1333.5215759277344,1372.470874786377,1368.8088989257812
2.0,1481.689468383789,1334.5926513671875,1585.8713073730469,1365.6224060058594
2.0,395.73961639404297,1376.6241455078125,529.2768859863281,1407.7199401855469
2.0,649.5211181640625,1375.4878234863281,753.1103515625,1405.5164489746094
2.0,961.2352905273438,1373.9246826171875,1208.3521118164062,1407.8629760742188
2.0,1615.0436096191406,1376.4921875,1637.9932556152344,1401.4432067871094
2.0,1380.8897666931152,1422.3235836029053,1416.556167602539,1448.1592712402344
2.0,688.1479797363281,1570.6466827392578,798.8310852050781,1601.6698913574219
2.0,1526.8741912841797,1575.0499114990234,1553.5741882324219,1598.8837280273438
2.0,398.49591064453125,1614.914779663086,657.5576171875,1650.1461791992188
2.0,844.1234169006348,1616.5936889648438,863.3403625488281,1640.8781127929688
2.0,484.5428009033203,1662.38330078125,655.2587280273438,1697.8103332519531
2.0,519.209228515625,1715.4867858886719,541.2008666992188,1739.5415344238281
2.0,1068.7684631347656,1714.1634521484375,1173.3583679199219,1744.9760437011719
2.0,1240.8290405273438,1711.8338623046875,1442.908676147461,1746.3283996582031
2.0,482.1721496582031,1764.3950805664062,505.68865966796875,1789.6194458007812
2.0,1035.8612823486328,1764.2754211425781,1137.6206359863281,1793.8667602539062
2.0,1342.5607452392578,1762.7573547363281,1482.4116821289062,1794.2503967285156
2.0,850.7704124450684,1829.3586730957031,876.353385925293,1853.9557495117188
2.0,924.7903747558594,1829.2345275878906,950.8868942260742,1855.6054382324219
2.0,1158.21435546875,1827.5119323730469,1251.8362731933594,1861.6177062988281
2.0,1361.2495574951172,1827.5318298339844,1522.5908813476562,1862.3300476074219
2.0,398.96189880371094,1873.0911560058594,487.4422912597656,1896.9006652832031
2.0,731.5081481933594,1866.8822937011719,1106.7020874023438,1904.3929138183594
2.0,1285.4272766113281,1871.6368408203125,1343.7586059570312,1899.0723266601562
2.0,831.0340270996094,1995.652458190918,1279.2311706542969,2032.6305084228516
2.0,542.9297790527344,2078.3928985595703,1130.6713562011719,2119.8326263427734
2.0,397.7982940673828,2122.9638061523438,624.8373413085938,2161.9402465820312
2.0,723.7712097167969,2124.941909790039,832.6796875,2155.5209045410156
2.0,905.5466461181641,2124.5128631591797,1011.8812561035156,2160.8308868408203
2.0,1119.6609191894531,2127.501907348633,1137.2153015136719,2158.3636169433594
2.0,551.662353515625,2169.585235595703,574.3169708251953,2193.262420654297
2.0,916.9906311035156,2165.287811279297,1284.6942749023438,2203.3812561035156
2.0,798.6553039550781,2210.7110900878906,822.0106811523438,2235.6721801757812
2.0,1501.3401336669922,2211.383087158203,1596.8089141845703,2238.870147705078
2.0,747.1750183105469,2253.3938903808594,770.2612915039062,2277.129364013672
2.0,819.9372863769531,2252.885528564453,832.2485961914062,2281.437255859375
2.0,832.3400378227234,2252.924774169922,844.3954029083252,2279.1327514648438
2.0,600.947998046875,2294.3252868652344,624.2546997070312,2319.0943908691406
2.0,676.6171875,2294.789794921875,701.5223693847656,2319.536895751953
2.0,1023.6767425537109,2296.7936401367188,1114.0181884765625,2321.9473266601562
2.0,1345.814796447754,2296.904083251953,1434.945426940918,2321.6119384765625
2.0,1632.07275390625,2296.609130859375,1652.1997375488281,2320.90625
3.0,609.3451232910156,438.1494255065918,635.0654602050781,462.47391510009766
3.0,1098.7859191894531,440.63552474975586,1109.2787475585938,462.37176513671875
3.0,1161.3057250976562,438.58637619018555,1185.9816284179688,462.6963653564453
3.0,1356.1800575256348,438.91934967041016,1389.2123985290527,472.71153259277344
3.0,1600.248291015625,435.03613662719727,1622.4693908691406,464.099853515625
3.0,491.2999572753906,479.7450408935547,648.2500610351562,512.8902282714844
3.0,821.5211486816406,475.74249267578125,951.9165954589844,514.1646270751953
3.0,1025.8577728271484,637.7267761230469,1057.284912109375,665.5076599121094
3.0,1169.6075439453125,641.3685607910156,1201.7584838867188,675.0873413085938
3.0,873.8951873779297,714.914306640625,894.3109703063965,740.7243347167969
3.0,1145.2577209472656,756.791259765625,1168.5410461425781,781.6220397949219
3.0,1277.3254699707031,757.3885498046875,1300.8573608398438,781.6944274902344
3.0,1720.4618225097656,756.6153259277344,1744.2926940917969,781.4931945800781
3.0,1169.6597595214844,798.162841796875,1273.9315795898438,833.2798767089844
3.0,1342.5330352783203,799.4373779296875,1491.4626159667969,831.5682678222656
3.0,1290.8170776367188,844.3345642089844,1330.8956298828125,872.7059020996094
3.0,851.1209259033203,914.4540195465088,877.3605346679688,937.7780609130859
3.0,1048.9276885986328,911.422155380249,1229.9643859863281,946.9013671875
3.0,1283.5191040039062,910.0840158462524,1319.3616943359375,937.408748626709
3.0,1437.891128540039,915.3053455352783,1547.5875701904297,944.2586288452148
3.0,545.0128173828125,955.2319183349609,561.9184417724609,986.6413726806641
3.0,633.3000793457031,962.7341003417969,650.3136596679688,986.8038787841797
3.0,1271.3258972167969,956.498218536377,1344.4251098632812,984.2715530395508
3.0,580.8990173339844,998.7953262329102,605.0682067871094,1021.9677047729492
3.0,707.1805419921875,996.9165802001953,724.4620361328125,1028.8259582519531
3.0,798.9949951171875,1002.317741394043,824.4974670410156,1029.0180358886719
3.0,1093.2012939453125,996.0804824829102,1332.301025390625,1029.691146850586
3.0,1389.6323623657227,998.5872116088867,1483.9193115234375,1029.5491333007812
3.0,1499.4067993164062,1000.3824234008789,1586.7838134765625,1029.1902618408203
3.0,1282.3605041503906,1039.424087524414,1304.9929809570312,1063.8680877685547
3.0,1362.3071613311768,1039.9436492919922,1387.3708381652832,1064.033218383789
3.0,575.7745361328125,1086.6901397705078,832.7665405273438,1122.2735290527344
3.0,577.9769897460938,1134.2196960449219,1002.0703125,1171.5794067382812
3.0,577.7822875976562,1181.8985595703125,969.5136108398438,1219.3473205566406
3.0,617.3078002929688,1234.6990966796875,641.9078979492188,1265.8682861328125
3.0,669.7423400878906,1233.8758850097656,694.9872741699219,1266.6317749023438
3.0,1130.0423278808594,1233.88623046875,1160.9220581054688,1259.6162414550781
3.0,1261.9617614746094,1223.9402770996094,1375.0256786346436,1267.5297241210938
3.0,491.7611083984375,1277.6197204589844,582.9974365234375,1304.0055541992188
3.0,750.4929504394531,1276.5907592773438,965.82177734375,1308.2099304199219
3.0,1047.6773376464844,1275.5641784667969,1263.1729125976562,1308.5615539550781
3.0,1018.7293548583984,1326.6483154296875,1040.9170684814453,1351.1844482421875
3.0,1099.4817199707031,1326.6692199707031,1125.0341796875,1350.9735107421875
3.0,1605.8912963867188,1474.6438217163086,1629.14990234375,1499.7980270385742
3.0,1691.227783203125,1474.3842849731445,1717.3731384277344,1498.6826477050781
3.0,955.5586242675781,1516.4500350952148,1124.5058288574219,1544.8126525878906
3.0,1236.6434020996094,1515.0260620117188,1260.4697265625,1539.9285888671875
3.0,1535.6653747558594,1516.3188095092773,1561.5988311767578,1539.2778930664062
3.0,923.2501831054688,1554.0592956542969,1214.7069091796875,1589.653823852539
3.0,1396.276840209961,1555.3219299316406,1560.3189697265625,1589.1881256103516
3.0,1644.9364318847656,1558.1851806640625,1750.6802062988281,1586.5038757324219
3.0,1168.6548767089844,1598.005126953125,1188.8671569824219,1630.4667358398438
3.0,1192.50732421875,1604.692855834961,1214.8826599121094,1629.1050872802734
3.0,1380.4551429748535,1600.4901428222656,1455.069351196289,1626.1981658935547
3.0,776.5816040039062,1664.3133850097656,799.7420654296875,1687.6580200195312
3.0,904.6650390625,1746.6249084472656,1341.8198852539062,1779.4306335449219
3.0,649.7616271972656,1829.9111633300781,672.4773254394531,1853.8595886230469
3.0,1495.4165344238281,1830.6932373046875,1518.1372680664062,1854.3501586914062
3.0,975.2259674072266,1873.5150146484375,1046.6479034423828,1899.5307006835938
3.0,1694.1000061035156,1870.7638854980469,1712.77490234375,1903.9747619628906
3.0,1737.6156616210938,1878.6280517578125,1754.7756042480469,1902.6761474609375
3.0,759.6695861816406,1921.354362487793,783.0951538085938,1939.4283714294434
3.0,901.7169036865234,1919.5470609664917,919.7378311157227,1944.268856048584
3.0,999.9124908447266,1922.3820514678955,1016.683837890625,1944.9264106750488
3.0,1472.9605712890625,1919.3470783233643,1498.918212890625,1937.7393035888672
3.0,624.2844848632812,1954.7821578979492,746.6218566894531,1987.305923461914
3.0,1006.6548004150391,1956.1870193481445,1032.1128997802734,1980.3752670288086
3.0,1156.2188415527344,1955.8546180725098,1270.5521850585938,1983.4332809448242
3.0,719.6195068359375,1997.6925048828125,745.2791137695312,2021.9505920410156
3.0,870.1393966674805,1997.9351806640625,954.9737014770508,2027.4579849243164
3.0,1418.489761352539,1998.5897521972656,1495.1471557617188,2024.7415161132812
3.0,1731.2633361816406,1998.4518127441406,1753.1897888183594,2022.7480697631836
3.0,884.9119834899902,2039.6400299072266,908.2582321166992,2064.8837127685547
3.0,529.7853393554688,2077.730255126953,768.9144897460938,2114.363052368164
3.0,1383.9156875610352,2083.1109771728516,1460.1802597045898,2109.1196899414062
3.0,1634.7179260253906,2081.4598999023438,1657.5558776855469,2106.5376586914062
3.0,1360.1943111419678,2123.2664489746094,1384.115379333496,2148.658218383789
3.0,816.0670776367188,2162.576416015625,842.2850580215454,2192.219451904297
3.0,1010.8455963134766,2229.3898315429688,1118.4631652832031,2263.185089111328
3.0,620.3182678222656,2280.654052734375,708.5285949707031,2309.0775451660156
3.0,807.9763793945312,2278.1575927734375,911.7246246337891,2312.2984008789062
4.0,507.1329803466797,446.9050750732422,586.8126831054688,475.9082794189453
4.0,674.4411010742188,443.4947700500488,779.7911682128906,477.90150451660156
4.0,1171.9603881835938,446.1665496826172,1186.644287109375,471.241455078125
4.0,1388.8851203918457,444.3505630493164,1494.0927124023438,478.87147521972656
4.0,507.676513671875,619.4953765869141,619.2734680175781,649.5438232421875
4.0,710.6491394042969,616.7130737304688,813.2216491699219,651.0273742675781
4.0,507.9533386230469,753.157470703125,620.4362182617188,783.2374877929688
4.0,709.8846740722656,749.8251037597656,813.7310791015625,783.5454406738281
4.0,828.6859359741211,792.6862487792969,1010.7977294921875,826.0195922851562
4.0,830.1469268798828,850.5365600585938,1059.2431335449219,890.0513916015625
4.0,1498.6905212402344,939.1123161315918,1589.9817657470703,968.3725280761719
4.0,1029.1364440917969,980.2067718505859,1055.354965209961,1004.4316101074219
4.0,1276.762939453125,981.2083129882812,1292.3856811523438,1004.5479583740234
4.0,863.2532653808594,1021.9035186767578,888.2311248779297,1045.8251037597656
4.0,1263.3569030761719,1022.7627105712891,1285.9244995117188,1047.0256805419922
4.0,621.9776916503906,1059.883544921875,1036.7669677734375,1097.5126953125
4.0,1151.2617492675781,1063.6202392578125,1169.2934875488281,1095.6273498535156
4.0,1246.5619506835938,1071.4264678955078,1263.6614685058594,1094.7657775878906
4.0,993.932861328125,1105.515151977539,1226.1181030273438,1138.3805847167969
4.0,394.6244430541992,1148.9901123046875,420.3100814819336,1173.3923034667969
4.0,1040.24609375,1148.8952331542969,1132.895751953125,1177.3949279785156
4.0,1133.365966796875,1234.4700622558594,1168.5419006347656,1262.5684509277344
4.0,490.22332763671875,1321.912353515625,513.2597045898438,1346.9609375
4.0,749.0747680664062,1363.6552429199219,852.0978050231934,1393.3810119628906
4.0,1229.0724792480469,1364.1505126953125,1320.4770812988281,1389.7970581054688
4.0,1575.1634521484375,1364.7409973144531,1610.4649353027344,1393.4820861816406
4.0,1250.1348266601562,1448.003017425537,1276.6614074707031,1473.371337890625
4.0,1490.9378967285156,1447.8447494506836,1524.8386840820312,1476.5455932617188
4.0,1072.2738494873047,1488.9729766845703,1101.4225463867188,1515.0906295776367
4.0,1117.5415344238281,1489.4775695800781,1152.483642578125,1519.432014465332
4.0,1584.4788970947266,1489.724479675293,1610.1423950195312,1516.1028289794922
4.0,929.6274642944336,1578.158676147461,952.2666244506836,1603.529037475586
4.0,1129.8018798828125,1578.7994384765625,1166.0394287109375,1603.1397552490234
4.0,723.5538635253906,1688.3604125976562,1347.0227661132812,1727.0299987792969
4.0,1422.1651763916016,1766.7882080078125,1604.1128540039062,1800.1705932617188
4.0,393.45325469970703,1809.015869140625,552.6926879882812,1841.5254516601562
4.0,1555.681137084961,1810.2984619140625,1590.1047058105469,1840.1076965332031
4.0,394.7780303955078,1853.1557006835938,492.3350524902344,1881.0210876464844
4.0,610.5398864746094,1852.4315490722656,636.8686828613281,1877.7477111816406
4.0,715.944580078125,1851.2237854003906,740.505615234375,1880.1953430175781
4.0,1343.6592407226562,1851.8866577148438,1367.829303741455,1881.7629699707031
4.0,803.520751953125,1893.6287536621094,830.791259765625,1919.8693237304688
4.0,799.7241821289062,1960.6633987426758,1251.7703857421875,1997.7811737060547
4.0,798.5222778320312,2012.21044921875,1290.8602600097656,2048.9298706054688
4.0,804.7869567871094,2150.768585205078,1256.6567077636719,2194.4537658691406
4.0,718.9501953125,2237.1810913085938,742.9779052734375,2261.5171813964844
4.0,1533.8648834228516,2237.451690673828,1569.463851928711,2266.8128356933594
4.0,394.886474609375,2270.4271545410156,525.5845031738281,2320.806121826172
4.0,1012.0006256103516,2286.855712890625,1061.1384887695312,2312.1493225097656
5.0,581.2675476074219,512.4102935791016,606.964599609375,537.0565338134766
5.0,964.2550659179688,519.5519561767578,1000.5865478515625,542.6692504882812
5.0,1060.0801849365234,508.9108200073242,1341.6480102539062,544.4037170410156
5.0,1397.0852813720703,512.9295501708984,1422.7946319580078,537.2730560302734
5.0,909.7899932861328,557.4488525390625,937.8863296508789,584.0743103027344
5.0,1041.9462432861328,557.7905578613281,1074.1610870361328,583.3641357421875
5.0,1684.7354736328125,563.6082916259766,1701.990478515625,579.6386108398438
5.0,589.7774658203125,594.1423187255859,746.3103637695312,628.4694671630859
5.0,887.6031227111816,654.8429565429688,1009.9565124511719,685.4441528320312
5.0,1348.8038177490234,657.3692626953125,1365.5140132904053,682.8222961425781
5.0,1544.3984680175781,666.3591613769531,1560.4659271240234,688.9158935546875
5.0,836.2977828979492,788.7812194824219,978.1200714111328,819.1272583007812
5.0,1026.3735046386719,763.6742248535156,1351.4328002929688,840.6538696289062
5.0,576.3164672851562,876.8315734863281,760.193115234375,896.7947998046875
5.0,581.6700744628906,926.0652656555176,786.7218322753906,956.0265274047852
5.0,580.1592102050781,969.0876922607422,748.0930786132812,1012.0876007080078
5.0,830.90380859375,972.8241653442383,982.1236877441406,1005.5041885375977
5.0,583.6184387207031,1022.2313079833984,814.7489624023438,1054.1080017089844
5.0,861.5984115600586,1084.0685577392578,886.2388076782227,1109.5105743408203
5.0,1629.2720642089844,1126.7489929199219,1713.7944641113281,1155.8091735839844
5.0,568.5107727050781,1168.822021484375,651.3545532226562,1193.2702941894531
5.0,674.2073364257812,1209.9744873046875,834.0892333984375,1241.6851501464844
5.0,1529.6111755371094,1209.9469909667969,1555.2381896972656,1234.3828430175781
5.0,682.4990844726562,1253.8822021484375,761.1729736328125,1277.6353149414062
5.0,654.0734558105469,1336.0816650390625,679.4631652832031,1360.3787841796875
5.0,582.61279296875,1426.3323783874512,607.3519287109375,1450.4531936645508
5.0,964.3049468994141,1426.09765625,990.3804321289062,1450.1989288330078
5.0,1111.6923522949219,1423.8513717651367,1367.5858879089355,1459.3821640014648
5.0,492.49925231933594,1466.639217376709,596.9337158203125,1495.3291778564453
5.0,836.3361587524414,1466.6097297668457,988.66259765625,1501.7200927734375
5.0,1047.7566528320312,1467.454933166504,1239.066162109375,1499.1205749511719
5.0,1369.1591339111328,1465.8906555175781,1538.0880737304688,1499.7600021362305
5.0,1612.541259765625,1468.8129043579102,1718.8544921875,1497.7661895751953
5.0,832.6107025146484,1509.424919128418,904.9511337280273,1536.9726104736328
5.0,1647.5966186523438,1502.9394989013672,1667.5355224609375,1531.8985900878906
5.0,496.1631164550781,1590.972915649414,564.7602996826172,1625.7373352050781
5.0,1083.3765716552734,1592.1041564941406,1108.7926940917969,1616.460433959961
5.0,1282.6882934570312,1629.0193481445312,1826.9403076171875,1669.4666748046875
5.0,548.2576904296875,1675.2821044921875,780.2802734375,1707.5711059570312
5.0,817.6870422363281,1751.2410583496094,1409.1691436767578,1788.3645324707031
5.0,671.373779296875,1832.0760192871094,820.7913208007812,1867.3747863769531
5.0,823.8612365722656,1831.2460021972656,1356.1253662109375,1868.3647766113281
5.0,1385.320785522461,1835.8418273925781,1467.1479797363281,1864.6684875488281
5.0,729.580810546875,1874.1207885742188,1213.9861450195312,1911.51025390625
5.0,819.8303833007812,1986.5449752807617,1426.7409210205078,2057.4780883789062
5.0,553.1418151855469,2095.675537109375,655.1998901367188,2125.935592651367
5.0,751.0939025878906,2095.026885986328,832.8676147460938,2125.338668823242
5.0,832.9367980957031,2095.261245727539,920.5008850097656,2124.624237060547
5.0,1496.4001770019531,2093.5391235351562,1668.9775390625,2124.216827392578
5.0,874.8088531494141,2133.9163818359375,1115.9174194335938,2170.1578979492188
6.0,694.7074890136719,479.43526458740234,717.1100158691406,503.7311248779297
6.0,843.1130790710449,479.4951171875,878.8670883178711,502.9358215332031
6.0,1579.5343017578125,480.6546096801758,1664.15869140625,507.23020935058594
6.0,469.13136291503906,522.0155334472656,545.4239807128906,550.2171173095703
6.0,597.2398986816406,520.2203216552734,632.6271667480469,544.0316314697266
6.0,1343.9250793457031,518.5194702148438,1591.0745086669922,552.4535217285156
6.0,404.7401885986328,561.3227081298828,702.3460693359375,593.6111450195312
6.0,725.637451171875,561.7560424804688,832.417236328125,592.9985046386719
6.0,962.9506530761719,561.8814086914062,1180.1009216308594,593.5993347167969
6.0,535.2281951904297,682.3729858398438,716.6670532226562,714.8278503417969
6.0,987.8528289794922,723.7189331054688,1072.2242584228516,758.0654296875
6.0,1526.5345153808594,725.4557495117188,1665.2700805664062,755.7692260742188
6.0,558.8625030517578,761.4951171875,958.835823059082,804.4535522460938
6.0,735.2791137695312,816.8200073242188,758.4685974121094,841.7672119140625
6.0,832.0500030517578,812.8465576171875,865.0957717895508,842.8750915527344
6.0,1387.2719230651855,816.8298034667969,1492.3003692626953,847.587890625
6.0,397.5665283203125,855.2836608886719,686.6625671386719,895.0436706542969
6.0,833.4854030609131,859.7085876464844,868.1084594726562,885.82373046875
6.0,927.3022308349609,855.0870971679688,1329.9779663085938,895.3920288085938
6.0,1373.1241035461426,859.7919616699219,1398.2301597595215,884.5950317382812
6.0,1047.0860595703125,900.0318193435669,1057.5276336669922,925.465991973877
6.0,1250.2809448242188,1011.4106750488281,1334.0238647460938,1033.6844635009766
6.0,1011.2004241943359,1051.68017578125,1037.4843444824219,1076.3263244628906
6.0,779.5086669921875,1092.8119049072266,834.4011840820312,1121.018569946289
6.0,838.5191192626953,1097.1997985839844,920.053955078125,1123.7937927246094
6.0,1226.8310546875,1095.3381805419922,1315.4673767089844,1120.5567779541016
6.0,515.7003936767578,1136.06494140625,544.997802734375,1160.0138549804688
6.0,638.6824951171875,1136.4692993164062,664.0552978515625,1160.4416809082031
6.0,1177.3076477050781,1135.4684753417969,1203.6296997070312,1159.5487670898438
6.0,1152.8668823242188,1177.6459350585938,1178.0816345214844,1201.78515625
6.0,1346.3132095336914,1176.4909057617188,1592.4022216796875,1209.3049926757812
6.0,402.78077697753906,1219.6123962402344,504.80621337890625,1253.4906005859375
6.0,643.9729614257812,1219.6472778320312,658.3152160644531,1250.4775085449219
6.0,734.199462890625,1217.9472351074219,833.0805053710938,1249.2716064453125
6.0,982.4200897216797,1221.3557434082031,1059.3147888183594,1248.158203125
6.0,463.2122344970703,1256.8141784667969,1656.4626770019531,1297.07275390625
6.0,498.0768127441406,1304.0385437011719,523.9164428710938,1328.1977844238281
6.0,712.3312377929688,1374.3539733886719,786.5700073242188,1403.340087890625
6.0,831.4141540527344,1370.0187072753906,1138.8794555664062,1407.4601745605469
6.0,1447.6659774780273,1375.2637329101562,1526.7433471679688,1401.0377807617188
6.0,1522.0345916748047,1414.9173831939697,1628.13916015625,1448.8829956054688
6.0,554.4892120361328,1455.3169631958008,811.9180297851562,1493.1222229003906
6.0,1433.8848114013672,1456.6107559204102,1658.7677307128906,1491.1510925292969
6.0,474.6592712402344,1550.485855102539,558.0254364013672,1573.894790649414
6.0,1574.2253875732422,1593.1141357421875,1666.2122497558594,1621.4579315185547
6.0,494.0821075439453,1634.228515625,581.4741516113281,1658.4980773925781
6.0,1164.1900024414062,1758.9732971191406,1199.6348266601562,1784.8283081054688
6.0,1534.492904663086,1847.1093139648438,1659.53271484375,1876.2510986328125
6.0,441.43949127197266,1891.9259948730469,476.82586669921875,1915.6905822753906
6.0,831.2984819412231,1920.4039280414581,851.262279510498,1923.182645559311
6.0,1280.2150573730469,1889.9665222167969,1385.3597259521484,1920.6612548828125
6.0,823.3656463623047,2018.5070343017578,1269.5946044921875,2052.2127075195312
6.0,783.7907104492188,2125.2240600585938,1331.9029541015625,2196.6351928710938
6.0,506.21412658691406,2236.7998962402344,528.9012756347656,2261.014373779297
6.0,1205.3254699707031,2237.5224609375,1231.8961181640625,2261.2596740722656
6.0,404.4894714355469,2276.4252319335938,935.1530609130859,2312.1006469726562
6.0,1250.1916809082031,2279.773468017578,1284.3446044921875,2303.1768493652344
7.0,1046.2568664550781,419.48439025878906,1113.6200561523438,453.3152618408203
7.0,1482.4108123779297,423.166748046875,1586.0956573486328,448.0852737426758
7.0,1139.9721374511719,463.0894775390625,1162.9163818359375,487.28668212890625
7.0,1632.6490783691406,464.06553649902344,1740.07177734375,490.4505081176758
7.0,928.9856796264648,507.4444580078125,1018.7703247070312,531.7583312988281
7.0,831.1664772033691,562.1256713867188,942.8653106689453,592.4153289794922
7.0,1110.8263244628906,564.1851806640625,1288.4728393554688,598.5988464355469
7.0,1406.4599609375,566.6232452392578,1430.7870025634766,591.9387817382812
7.0,615.5455322265625,604.6150512695312,804.41357421875,640.9767761230469
7.0,862.5600395202637,609.2684478759766,888.3022155761719,633.1183776855469
7.0,959.3500900268555,617.4988403320312,982.1648101806641,639.9089965820312
7.0,1647.7392272949219,608.1045227050781,1746.9587097167969,639.7495727539062
7.0,976.0755920410156,650.4596862792969,1001.7971038818359,674.2661437988281
7.0,1094.2749328613281,658.6250915527344,1113.6415405273438,680.6368103027344
7.0,1180.7616882324219,657.482421875,1194.3755187988281,679.8164978027344
7.0,1458.8455810546875,648.1178283691406,1747.5305786132812,682.6835327148438
7.0,629.1394653320312,687.4852294921875,745.5004577636719,725.2937622070312
7.0,969.8001403808594,701.3652954101562,986.1668548583984,716.0090637207031
7.0,1711.022216796875,692.5637817382812,1744.1388244628906,715.316650390625
7.0,532.2682037353516,735.1362609863281,557.3043212890625,759.0702819824219
7.0,567.7326049804688,781.0445861816406,816.650634765625,816.3501281738281
7.0,570.0334167480469,826.5418395996094,1060.628662109375,863.3740844726562
7.0,551.1788330078125,873.5881652832031,984.2322387695312,913.7588386535645
7.0,600.7018432617188,926.1923847198486,629.2109680175781,959.2453689575195
7.0,645.1318664550781,926.1500129699707,668.0557556152344,958.4324150085449
7.0,1110.7452392578125,926.1224479675293,1153.0222778320312,950.5596008300781
7.0,1252.9348754882812,925.2577171325684,1343.765869140625,955.3560218811035
7.0,1343.7899742126465,927.2800159454346,1379.787986755371,952.7771987915039
7.0,482.12432861328125,968.492317199707,578.3246765136719,996.2386932373047
7.0,737.5848388671875,967.8914184570312,953.1333923339844,1000.1954040527344
7.0,1036.0919799804688,967.8217620849609,1248.7449951171875,1000.2060546875
7.0,569.8033294677734,1018.5404357910156,603.0519409179688,1042.073715209961
7.0,1214.7300415039062,1017.8399200439453,1238.2552795410156,1042.5860290527344
7.0,1519.2584228515625,1019.2494888305664,1604.2208251953125,1047.5352630615234
7.0,561.5760192871094,1054.7189483642578,717.848876953125,1085.0283660888672
7.0,735.017333984375,1121.9603424072266,758.1932983398438,1146.7237396240234
7.0,1471.227279663086,1118.3838958740234,1563.2018280029297,1153.1621398925781
7.0,1581.6417388916016,1120.0281219482422,1745.362060546875,1151.513671875
7.0,479.4823760986328,1162.5513000488281,830.6451416015625,1196.2700500488281
7.0,831.3231468200684,1160.9404296875,928.9957580566406,1195.8461303710938
7.0,1474.147476196289,1170.3782043457031,1490.759048461914,1186.1737365722656
7.0,1568.3464050292969,1157.4270935058594,1599.6033477783203,1193.5331115722656
7.0,588.8898315429688,1202.0926513671875,695.41650390625,1237.0843505859375
7.0,1176.8888854980469,1202.3899230957031,1650.4163208007812,1236.9398498535156
7.0,484.4771270751953,1245.1449890136719,554.6838531494141,1281.8899536132812
7.0,948.6707916259766,1246.2701416015625,986.9501495361328,1275.8222351074219
7.0,1313.6639709472656,1244.7078247070312,1631.9259033203125,1279.233154296875
7.0,804.2420043945312,1284.0272827148438,931.2015838623047,1320.1786499023438
7.0,1030.3492889404297,1284.557861328125,1739.1493530273438,1320.5269165039062
7.0,676.1694946289062,1329.7923278808594,833.24462890625,1362.5710144042969
7.0,840.2368011474609,1328.486083984375,1409.2615356445312,1367.49462890625
7.0,484.2737274169922,1371.4698791503906,502.7665100097656,1404.6745300292969
7.0,878.9379577636719,1371.7149353027344,1204.7217407226562,1405.7997741699219
7.0,628.9328308105469,1421.6407175064087,663.2039794921875,1445.0527992248535
7.0,1093.1490478515625,1419.496850013733,1258.7726440429688,1449.8083801269531
7.0,841.2774353027344,1497.5631866455078,1363.3118896484375,1530.755226135254
7.0,571.3882141113281,1573.9526977539062,739.6177978515625,1609.565933227539
7.0,815.9448852539062,1574.466293334961,992.8553771972656,1608.6462097167969
7.0,840.6057281494141,1695.0290832519531,1361.8054580688477,1728.7534484863281
7.0,756.7743530273438,1775.2877197265625,791.4186096191406,1798.9222717285156
7.0,1052.1976470947266,1775.0346069335938,1078.222412109375,1798.9573669433594
7.0,1229.1522521972656,1773.7705078125,1444.0481719970703,1806.6575012207031
7.0,1571.6094207763672,1774.7581176757812,1606.2792053222656,1798.516357421875
7.0,937.6917190551758,1817.2336120605469,963.0174713134766,1841.102783203125
7.0,1055.5570373535156,1815.2447814941406,1299.4889526367188,1849.8354797363281
7.0,1607.6683959960938,1815.9085388183594,1634.5609130859375,1847.6597900390625
7.0,1650.0966796875,1815.5719299316406,1672.9950561523438,1847.547119140625
7.0,583.1221008300781,1859.5066833496094,618.1997375488281,1883.5017700195312
7.0,1100.2000427246094,1855.9607849121094,1170.116455078125,1890.8869018554688
7.0,1250.6766052246094,1856.7467041015625,1342.5011901855469,1891.5642395019531
7.0,484.49473571777344,1920.293562412262,520.5177307128906,1930.6867389678955
7.0,830.3528747558594,1898.8440551757812,1019.1791687011719,1920.4080810546875
7.0,718.9327392578125,1959.02880859375,736.7045288085938,1980.1532249450684
7.0,1152.9393920898438,1957.7380714416504,1169.8206787109375,1979.2206497192383
7.0,1244.1554870605469,1957.335708618164,1257.5930480957031,1979.620864868164
7.0,1713.7666320800781,1949.7462120056152,1738.4870910644531,1973.7764053344727
7.0,825.2465744018555,1989.8319244384766,1075.6551818847656,2022.6162719726562
7.0,1203.764404296875,1987.6771087646484,1335.5200805664062,2023.4160842895508
7.0,1467.1251068115234,1985.4047317504883,1606.1846618652344,2016.0006484985352
7.0,1661.5818481445312,1990.47998046875,1739.926025390625,2021.053581237793
7.0,1343.3740272521973,2029.2794876098633,1379.1220512390137,2066.5392150878906
7.0,1630.182861328125,2033.7563781738281,1654.0726013183594,2057.698699951172
7.0,484.53041076660156,2075.2552642822266,566.0015563964844,2106.8839263916016
7.0,865.3044586181641,2070.812789916992,955.972541809082,2107.519012451172
7.0,1436.4006958007812,2068.7646484375,1692.4320373535156,2108.0038146972656
7.0,1523.5836944580078,2117.0169677734375,1546.7889709472656,2141.2538299560547
7.0,1605.6389465332031,2117.56494140625,1631.58544921875,2140.4764099121094
7.0,552.7953948974609,2158.5162506103516,575.2923889160156,2183.9402770996094
7.0,832.3912658691406,2158.3956451416016,847.563136100769,2184.9906311035156
7.0,1021.8903198242188,2158.4672241210938,1056.6082916259766,2183.059051513672
7.0,1271.57373046875,2160.2245025634766,1303.5204467773438,2190.5642700195312
7.0,1093.4360656738281,2220.0223999023438,1331.5172119140625,2251.0806274414062
7.0,1416.3976287841797,2221.0919189453125,1450.1416625976562,2244.662139892578
7.0,1057.1251983642578,2262.501251220703,1083.8540954589844,2286.3358154296875
7.0,1230.6070861816406,2261.123016357422,1327.1594543457031,2294.8871154785156
8.0,1392.527027130127,415.3565559387207,1425.2166213989258,438.5609588623047
8.0,425.81358337402344,499.4694061279297,519.8374633789062,526.3974456787109
8.0,568.8075256347656,556.6880035400391,732.1447143554688,586.9369201660156
8.0,1474.4024353027344,562.0708160400391,1557.5681610107422,591.0008239746094
8.0,1618.9256896972656,562.1566009521484,1652.2723693847656,585.3515167236328
8.0,585.3196716308594,644.1640625,834.38037109375,677.4628601074219
8.0,490.7836456298828,687.2869262695312,513.7557678222656,712.2298583984375
8.0,399.4122009277344,725.4363708496094,1012.1556396484375,761.8601684570312
8.0,1071.4015502929688,770.7318115234375,1162.5250854492188,796.7444763183594
8.0,789.8331604003906,833.3023681640625,825.1868591308594,859.9090881347656
8.0,1400.1372833251953,831.1639099121094,1686.2764892578125,866.4107360839844
8.0,518.5402984619141,876.9322814941406,545.1709899902344,896.3008422851562
8.0,711.0671997070312,876.9577941894531,893.776180267334,909.9383506774902
8.0,974.7902374267578,876.7119140625,990.2765960693359,896.4705200195312
8.0,889.1771125793457,918.4889945983887,915.6354522705078,942.4484024047852
8.0,1326.0033569335938,918.665210723877,1344.0892944335938,949.0506286621094
8.0,1425.459976196289,925.8872680664062,1439.7421798706055,948.8554611206055
8.0,831.6797485351562,959.2165565490723,934.2382888793945,989.7788619995117
8.0,1363.324140548706,960.4782333374023,1397.9885177612305,984.9237823486328
8.0,1493.530502319336,968.0489730834961,1511.3712768554688,990.6010360717773
8.0,1583.2645111083984,968.1048812866211,1597.2467956542969,990.0889892578125
8.0,599.8174438476562,1000.0090637207031,906.8515319824219,1034.5745849609375
8.0,969.5972595214844,997.3428039550781,1283.0101318359375,1033.3735046386719
8.0,1345.482852935791,999.2080459594727,1416.5066833496094,1033.3876647949219
8.0,1489.0376586914062,1000.3699798583984,1682.0625,1032.7698059082031
8.0,620.6866149902344,1052.4970397949219,637.8071899414062,1067.5685577392578
8.0,1593.2119445800781,1044.2823486328125,1617.6799011230469,1068.3954772949219
8.0,893.8553428649902,1085.9349212646484,915.7822570800781,1110.5013427734375
8.0,507.01568603515625,1132.990478515625,857.064640045166,1167.4673156738281
8.0,503.5084533691406,1178.6674194335938,1494.1102600097656,1216.0162963867188
8.0,703.6180419921875,1221.234130859375,1123.4607543945312,1256.6455688476562
8.0,541.0409393310547,1273.5214538574219,568.6150207519531,1305.0841369628906
8.0,584.2554321289062,1272.3880615234375,607.5512084960938,1304.93701171875
8.0,1148.7358703613281,1272.9300537109375,1191.2680358886719,1297.6693420410156
8.0,1286.1677551269531,1271.1770935058594,1345.2850952148438,1298.8756408691406
8.0,516.7069854736328,1315.6557006835938,611.3602600097656,1342.5434875488281
8.0,829.3709716796875,1314.4780578613281,985.9765625,1346.930908203125
8.0,1068.574966430664,1314.2332153320312,1280.3721923828125,1346.7908020019531
8.0,733.8222351074219,1373.8637084960938,1113.4860229492188,1408.3681640625
8.0,1191.0408935546875,1377.5025329589844,1213.3777770996094,1404.1475830078125
8.0,644.4874877929688,1455.5153846740723,1471.2315979003906,1497.336196899414
8.0,824.1141204833984,1599.8805541992188,1332.6695861816406,1774.1392211914062
8.0,647.2686767578125,1823.9295654296875,685.3418579101562,1851.9820556640625
8.0,868.2921905517578,1823.4095458984375,1232.4728393554688,1855.9324035644531
8.0,1483.541015625,1821.3603515625,1691.6040344238281,1857.38623046875
8.0,426.3880157470703,1862.1158142089844,651.2464599609375,1898.0651550292969
8.0,762.9530029296875,1859.64501953125,896.8493728637695,1898.3878479003906
8.0,1171.5911865234375,1861.7923278808594,1311.864501953125,1897.5220336914062
8.0,732.7609252929688,1904.2861022949219,1291.76025390625,1941.5145797729492
8.0,947.3394241333008,1948.2662715911865,1072.5469055175781,1981.8140258789062
8.0,1344.3099517822266,1949.031213760376,1687.0374755859375,1982.17236328125
8.0,702.6711730957031,1990.3831253051758,813.8921813964844,2022.3331680297852
8.0,1202.7189025878906,1986.4672164916992,1331.2058410644531,2022.0518646240234
8.0,1345.0109558105469,1989.6298370361328,1488.7217712402344,2025.9239501953125
8.0,1555.027114868164,1986.7687683105469,1681.5844421386719,2024.5221405029297
8.0,709.8434448242188,2048.764434814453,726.8235168457031,2070.0918884277344
8.0,805.9226684570312,2040.1146774291992,831.46337890625,2071.2044372558594
8.0,623.3682250976562,2120.3309631347656,1482.0213623046875,2165.224655151367
8.0,831.7169632911682,2212.071807861328,847.9952926635742,2247.3757934570312
8.0,1342.4607467651367,2213.5215454101562,1591.7782287597656,2248.619659423828
8.0,428.0169143676758,2253.847137451172,444.8699645996094,2286.7532348632812
8.0,531.6329956054688,2264.281951904297,547.6761627197266,2286.6148376464844
8.0,1026.610595703125,2257.0555419921875,1110.1860961914062,2283.824493408203
8.0,1274.2109680175781,2253.7848510742188,1594.8193664550781,2290.4046020507812
9.0,534.9584503173828,406.5764102935791,696.32275390625,443.52235412597656
9.0,1055.759017944336,408.94111824035645,1297.1390991210938,444.1995849609375
9.0,1648.8251342773438,409.6123104095459,1744.2145690917969,443.6955108642578
9.0,631.5707702636719,448.2281951904297,1052.3873291015625,484.4463195800781
9.0,1207.2134094238281,452.31693267822266,1442.6979370117188,483.8500518798828
9.0,491.0005645751953,491.2031555175781,1293.3187866210938,527.4065246582031
9.0,527.9521636962891,560.3982086181641,796.521728515625,598.5690002441406
9.0,828.9390411376953,560.8108367919922,1690.4500732421875,601.5716247558594
9.0,719.4453735351562,636.3532867431641,736.1393127441406,667.5492553710938
9.0,1053.2509765625,636.7980499267578,1070.4432067871094,668.6938171386719
9.0,1427.3765563964844,635.7366943359375,1739.9988708496094,669.5675659179688
9.0,633.9342041015625,685.8264770507812,667.9827880859375,708.6731872558594
9.0,1472.5574645996094,695.2379760742188,1489.292984008789,710.4431762695312
9.0,843.5178680419922,768.5254516601562,1376.2931861877441,802.4943542480469
9.0,831.1935615539551,830.0151062011719,952.2490692138672,858.5433349609375
9.0,1034.6437377929688,829.3999938964844,1256.0225219726562,860.7718505859375
9.0,1379.717414855957,830.7403869628906,1413.4864501953125,854.0742492675781
9.0,655.1286926269531,872.3040466308594,689.8265991210938,895.8890380859375
9.0,784.094970703125,871.15087890625,1011.5722961425781,896.9832763671875
9.0,1444.3454284667969,871.2368774414062,1750.5487365722656,896.5390625
9.0,778.2484436035156,897.7216758728027,836.9073486328125,906.6132621765137
9.0,842.1007843017578,983.2430419921875,1366.6940689086914,1017.1707534790039
9.0,639.9264221191406,1053.4733123779297,798.3205261230469,1085.564208984375
9.0,844.2387256622314,1053.9949493408203,870.1987228393555,1084.75830078125
9.0,940.7482681274414,1053.2960815429688,963.5021362304688,1086.7730407714844
9.0,1069.2887420654297,1054.5506591796875,1112.0216979980469,1078.8963928222656
9.0,1545.7215423583984,1053.914794921875,1670.3218078613281,1080.2072448730469
9.0,483.72584533691406,1094.7732238769531,730.1325073242188,1129.5543823242188
9.0,1013.7985076904297,1096.95654296875,1050.3567504882812,1126.2856750488281
9.0,1265.2216491699219,1096.1155395507812,1766.2922973632812,1130.8742065429688
9.0,525.0755310058594,1136.4112701416016,766.138427734375,1171.568115234375
9.0,966.1554107666016,1137.1608276367188,1081.0664367675781,1170.4971923828125
9.0,485.11328125,1180.5011596679688,577.7762451171875,1205.9337768554688
9.0,729.3559875488281,1178.9157409667969,939.7605285644531,1212.0116271972656
9.0,1018.6040802001953,1178.7250366210938,1225.6563110351562,1211.5709838867188
9.0,1426.6985626220703,1181.7316589355469,1512.5377807617188,1210.4789428710938
9.0,905.6734313964844,1225.2835693359375,1322.1347351074219,1263.6978759765625
9.0,483.69964599609375,1267.9472961425781,813.5430297851562,1303.6309204101562
9.0,1221.4674682617188,1270.5831298828125,1237.756103515625,1295.6012878417969
9.0,1343.9895725250244,1272.0615234375,1361.9513549804688,1297.7116394042969
9.0,1472.8070068359375,1272.0929870605469,1495.6243133544922,1295.7259216308594
9.0,958.77099609375,1313.4670715332031,994.0156402587891,1337.115478515625
9.0,1043.2060089111328,1313.0955200195312,1065.8571014404297,1337.5408020019531
9.0,912.8201293945312,1372.2095031738281,1233.5201110839844,1405.9090270996094
9.0,1660.0220336914062,1370.8684692382812,1744.2822570800781,1406.6668701171875
9.0,860.653621673584,1412.912696838379,971.6769256591797,1448.280876159668
9.0,1333.0806884765625,1412.8364667892456,1371.3526554107666,1444.5787658691406
9.0,486.33692932128906,1454.1024932861328,783.58935546875,1490.7315063476562
9.0,862.0800170898438,1527.234474182129,1356.1741943359375,1560.0677947998047
9.0,1114.3998718261719,1599.544937133789,1129.5187683105469,1622.5176849365234
9.0,1166.6977233886719,1640.881332397461,1200.8929443359375,1664.57177734375
9.0,660.9981384277344,1748.4267883300781,1574.2069702148438,1786.1706237792969
9.0,598.4139404296875,1824.5772094726562,689.3876647949219,1850.7198791503906
9.0,798.44873046875,1870.4004821777344,834.0498657226562,1903.0199584960938
9.0,1579.4471588134766,1871.8520812988281,1604.0501098632812,1898.3141174316406
9.0,542.8393096923828,1919.9179058074951,584.4821166992188,1944.0313034057617
9.0,897.3497314453125,1971.4203033447266,1339.9774169921875,2005.5954132080078
9.0,815.0054626464844,2056.0742797851562,1359.4652099609375,2086.722152709961
9.0,825.7084350585938,2132.993850708008,1356.3038940429688,2174.3963012695312
9.0,890.8549423217773,2206.0797424316406,1032.28369140625,2243.1165771484375
9.0,1164.7862854003906,2211.285614013672,1254.041015625,2235.9258422851562
9.0,486.2672424316406,2248.1622314453125,629.5692443847656,2283.5791931152344
9.0,949.4658126831055,2249.2197265625,1089.25537109375,2284.3111267089844
10.0,1641.0642700195312,424.32293701171875,1673.6566772460938,452.22520446777344
10.0,882.8819732666016,468.91021728515625,945.2685241699219,501.4411163330078
10.0,629.3061828613281,550.0540618896484,832.5323486328125,584.7555999755859
10.0,590.075439453125,629.8575744628906,1499.0104064941406,669.9593811035156
10.0,784.370361328125,792.9032592773438,1312.0829772949219,883.1856689453125
10.0,618.8113098144531,922.2819557189941,629.0420837402344,943.7862548828125
10.0,1013.5303192138672,989.0645904541016,1032.9573059082031,1016.1402893066406
10.0,414.17845916748047,1024.578872680664,576.75341796875,1060.6518859863281
10.0,649.8748779296875,1024.1221771240234,810.8875732421875,1059.7176971435547
10.0,1298.1797790527344,1026.1930694580078,1340.134033203125,1056.259750366211
10.0,761.6929016113281,1069.3902893066406,795.3388061523438,1092.9818572998047
10.0,1346.1670932769775,1068.2882995605469,1375.633810043335,1092.7952270507812
10.0,692.5747680664062,1107.3370208740234,1146.3126831054688,1142.8860931396484
10.0,986.8083953857422,1176.9755249023438,1106.8763427734375,1207.6318664550781
10.0,1182.4243774414062,1177.2043151855469,1216.4480590820312,1199.8361206054688
10.0,780.4119262695312,1218.7236022949219,806.5235290527344,1242.2281188964844
10.0,831.131664276123,1212.0835571289062,898.8317260742188,1245.6160278320312
10.0,1193.4774780273438,1218.390380859375,1306.2422485351562,1248.8036499023438
10.0,1414.422477722168,1218.5551147460938,1448.8276290893555,1242.2604675292969
10.0,974.2859191894531,1300.7082824707031,1169.134033203125,1332.6267700195312
10.0,666.1815490722656,1366.645263671875,700.4317932128906,1390.082275390625
10.0,865.4859809875488,1364.416015625,933.5810699462891,1398.8718566894531
10.0,1022.0386352539062,1366.9817504882812,1105.6321411132812,1394.3697204589844
10.0,799.4965209960938,1445.988655090332,1314.7946166992188,1485.6266479492188
10.0,524.1174011230469,1533.5612869262695,547.1670684814453,1557.4052124023438
10.0,979.808349609375,1533.1263732910156,1087.4263610839844,1567.9860382080078
10.0,695.5111694335938,1570.3722229003906,1077.5784606933594,1607.2650146484375
10.0,1219.4411010742188,1581.2237091064453,1237.26806640625,1605.9381866455078
10.0,579.0596923828125,1619.7503662109375,664.2532653808594,1643.2103271484375
10.0,1154.4896545410156,1617.2323608398438,1179.9598388671875,1641.5160675048828
10.0,404.582275390625,1655.606704711914,932.7742614746094,1692.4090270996094
10.0,1270.05859375,1666.2755126953125,1283.9502868652344,1682.8262329101562
10.0,1551.3949584960938,1657.924087524414,1675.7589111328125,1689.5719604492188
10.0,512.5733337402344,1695.9856262207031,796.0485229492188,1732.5546569824219
10.0,867.8751258850098,1696.6834106445312,994.8136901855469,1732.404296875
10.0,1540.219223022461,1709.773193359375,1556.8585357666016,1725.0268249511719
10.0,849.7138824462891,1751.4606018066406,872.203296661377,1775.7176208496094
10.0,1067.6296997070312,1740.6614379882812,1254.7886352539062,1772.7657775878906
10.0,506.098388671875,1785.0341186523438,532.3516235351562,1808.9512329101562
10.0,712.8643493652344,1784.8005981445312,746.5848083496094,1808.2447509765625
10.0,1092.0086975097656,1991.0598602294922,1195.7615356445312,2025.3189010620117
10.0,886.9451370239258,2035.7556076049805,965.3179321289062,2065.4065856933594
10.0,1061.7053833007812,2074.6737670898438,1164.6198425292969,2108.6143188476562
10.0,1378.378246307373,2117.2660369873047,1482.2547760009766,2151.1513671875
10.0,923.1278610229492,2160.3274841308594,1089.9649047851562,2192.9366149902344
10.0,830.7958335876465,2227.9900512695312,938.7093124389648,2259.166229248047
10.0,1218.3035583496094,2226.1991577148438,1323.1270141601562,2260.2949829101562
10.0,621.4482116699219,2270.4628295898438,652.8724975585938,2295.265167236328
11.0,646.1030578613281,432.3333625793457,766.0371398925781,466.80457305908203
11.0,1421.9929885864258,430.7560806274414,1456.0031433105469,457.86609649658203
11.0,1021.8309478759766,476.61671447753906,1054.0440979003906,501.34159088134766
11.0,1166.6767272949219,474.06429290771484,1271.4778442382812,508.861083984375
11.0,1364.4910049438477,474.6658935546875,1497.5800476074219,508.94869232177734
11.0,838.1071166992188,518.5909576416016,874.414794921875,543.2917785644531
11.0,1289.8709106445312,517.3134155273438,1343.6142272949219,549.3248443603516
11.0,1345.163990020752,515.8386993408203,1392.45804977417,549.9753570556641
11.0,906.3497543334961,557.7372589111328,1038.5818328857422,591.7141571044922
11.0,583.3067626953125,610.1550903320312,692.9223022460938,639.3525238037109
11.0,867.030689239502,760.3416137695312,984.4195709228516,790.7962646484375
11.0,875.4874572753906,807.0542907714844,1090.9418334960938,836.915283203125
11.0,1730.7721252441406,807.4490051269531,1752.8649291992188,832.8004760742188
11.0,560.9839477539062,848.3048095703125,781.3453979492188,881.824951171875
11.0,957.4984817504883,849.3988037109375,978.8839263916016,872.8313598632812
11.0,1181.2032775878906,849.7719116210938,1203.9586791992188,874.4820251464844
11.0,790.6424865722656,895.0972995758057,888.3153457641602,922.3846244812012
11.0,875.899284362793,939.6912307739258,1085.8193817138672,969.4619674682617
11.0,1729.5738525390625,941.1412887573242,1752.5512390136719,965.3885040283203
11.0,559.2039489746094,980.5445556640625,710.2258911132812,1015.2378997802734
11.0,873.2612457275391,982.3709259033203,895.4515533447266,1007.6869354248047
11.0,1089.0763549804688,982.6028747558594,1111.12744140625,1006.9593276977539
11.0,692.7442016601562,1025.6480407714844,788.231201171875,1055.750473022461
11.0,866.0960235595703,1074.697509765625,899.7308349609375,1097.5385131835938
11.0,1320.0828857421875,1071.865478515625,1474.9815979003906,1106.4884948730469
11.0,829.8137378692627,1115.907485961914,889.9240341186523,1147.5916595458984
11.0,936.2283325195312,1206.4740295410156,1022.1084289550781,1231.8545532226562
11.0,726.5554809570312,1309.173828125,946.90234375,1343.1577758789062
11.0,1328.7779541015625,1311.3421936035156,1344.2592163085938,1343.5859375
11.0,869.4467010498047,1353.1094360351562,1029.6823120117188,1387.271240234375
11.0,1103.5186462402344,1351.1420593261719,1481.482894897461,1386.8226318359375
11.0,860.4410705566406,1437.3629837036133,1359.1187744140625,1471.6420097351074
11.0,589.3430480957031,1506.6018676757812,776.936767578125,1534.2960815429688
11.0,1344.0840759277344,1505.0479431152344,1695.2116088867188,1539.3046112060547
11.0,553.7623901367188,1546.0223999023438,796.6062622070312,1581.8631286621094
11.0,831.4914779663086,1548.4616394042969,861.2282524108887,1575.1641845703125
11.0,1469.335464477539,1547.0669860839844,1556.6991882324219,1581.5140838623047
11.0,579.465576171875,1587.7720336914062,703.9143981933594,1623.2554321289062
11.0,1353.3155670166016,1588.7130432128906,1714.7887268066406,1623.5634460449219
11.0,558.0130004882812,1631.2399597167969,750.6109008789062,1665.7734985351562
11.0,1163.4764099121094,1628.3475799560547,1312.5914611816406,1664.3191528320312
11.0,1414.979621887207,1632.6891479492188,1448.586669921875,1656.437728881836
11.0,1510.0618438720703,1631.1153717041016,1746.6122131347656,1664.7704467773438
11.0,491.4705810546875,1715.2244262695312,716.3878479003906,1749.1246032714844
11.0,888.1106796264648,1714.0363464355469,1110.0081176757812,1749.4570617675781
11.0,1179.9397583007812,1714.6158142089844,1345.3414306640625,1748.9281311035156
11.0,1345.4790811538696,1720.2556457519531,1363.076524734497,1747.4363403320312
11.0,1467.2759399414062,1716.7628173828125,1501.8775939941406,1740.0976257324219
11.0,1518.6866760253906,1766.2510681152344,1542.06298828125,1790.993896484375
11.0,828.3567714691162,1808.6732177734375,882.1380310058594,1838.45654296875
11.0,1232.0228881835938,1807.4857177734375,1448.435562133789,1839.5647583007812
11.0,1659.7201538085938,1807.2232971191406,1755.9164428710938,1833.3563232421875
11.0,498.7580871582031,1851.703857421875,519.1309967041016,1876.7372436523438
11.0,988.4466400146484,1849.5171813964844,1010.3871459960938,1873.6646118164062
11.0,1153.54541015625,1850.018310546875,1177.6058044433594,1874.2099609375
11.0,1645.5717468261719,1849.8398132324219,1667.539794921875,1874.0769348144531
11.0,1730.1821594238281,1849.6961669921875,1755.0303039550781,1874.0224304199219
11.0,791.9418029785156,1940.1675758361816,826.3404541015625,1965.3764572143555
11.0,830.9144515991211,1938.3584651947021,991.2179260253906,1970.2946395874023
11.0,484.49021911621094,1978.1000518798828,1052.2505187988281,2014.6714935302734
11.0,595.3092651367188,2148.717086791992,790.4994812011719,2177.1871948242188
11.0,945.8274002075195,2147.861770629883,1165.3759155273438,2182.6566162109375
11.0,1257.6990661621094,2146.023223876953,1628.6053466796875,2181.4051513671875
11.0,562.9659423828125,2187.3052673339844,913.340446472168,2223.9296264648438
11.0,980.8597412109375,2189.36669921875,1416.8268585205078,2230.9301147460938
11.0,482.76422119140625,2231.9683837890625,836.7686767578125,2265.9661254882812
11.0,841.2572898864746,2238.045684814453,884.6223793029785,2265.3155517578125
11.0,958.6041259765625,2232.7145080566406,1360.7772102355957,2266.8624572753906
11.0,492.49578857421875,2272.7904357910156,644.5894165039062,2307.8812561035156
11.0,735.9393615722656,2276.288787841797,770.2923278808594,2299.835662841797
11.0,939.3449096679688,2275.656524658203,980.4335174560547,2299.914276123047
11.0,1460.709571838379,2277.4877319335938,1494.951187133789,2301.7366943359375
12.0,1344.44018304348,384.37597489356995,1348.3959231376648,391.7196350097656
12.0,1278.873291015625,449.3791198730469,1303.7139282226562,474.5665740966797
12.0,558.3285827636719,492.1960144042969,651.2522583007812,521.5673370361328
12.0,759.9841613769531,490.4282913208008,830.8290100097656,521.5740051269531
12.0,832.1860008239746,488.73929595947266,920.0329895019531,523.7686920166016
12.0,1410.7418060302734,491.2541961669922,1432.0999374389648,515.2432098388672
12.0,1640.465087890625,491.43931579589844,1663.0582580566406,515.7020721435547
12.0,410.648193359375,533.7907409667969,426.32218170166016,558.9443664550781
12.0,1447.2599792480469,532.8926849365234,1538.5684509277344,562.4970550537109
12.0,482.29217529296875,582.7692718505859,517.2957763671875,606.5227661132812
12.0,933.8758239746094,580.5181732177734,1106.1275024414062,615.2273101806641
12.0,400.68023681640625,621.4817199707031,864.1989097595215,656.741943359375
12.0,981.9952392578125,624.5471954345703,1200.5520629882812,656.9641723632812
12.0,1288.1805114746094,623.7766418457031,1341.0109252929688,652.5980529785156
12.0,1343.1150207519531,624.2826690673828,1500.505386352539,656.0306701660156
12.0,465.24497985839844,667.1051940917969,499.94525146484375,690.5326843261719
12.0,1132.6762390136719,666.2692260742188,1167.8439636230469,690.066650390625
12.0,1574.5093688964844,667.7455749511719,1664.6438293457031,697.1477966308594
12.0,495.0713806152344,756.9942321777344,529.3926086425781,780.7203063964844
12.0,1110.0390014648438,756.9591979980469,1144.5742492675781,780.6079406738281
12.0,1343.1710510253906,757.3049926757812,1376.6991691589355,780.7845764160156
12.0,731.7611083984375,799.1331481933594,767.0872497558594,823.3816223144531
12.0,1039.361328125,803.6048889160156,1162.9198608398438,828.0146789550781
12.0,1251.3359985351562,798.4920043945312,1336.885986328125,826.1191711425781
12.0,1284.1298828125,839.1507873535156,1601.1209411621094,872.9426574707031
12.0,401.42584228515625,879.8375854492188,831.3278503417969,916.5774917602539
12.0,974.110107421875,895.4822206497192,1169.4013061523438,917.0686378479004
12.0,426.70948791503906,924.4199333190918,647.8936462402344,958.1665725708008
12.0,865.7293090820312,922.9459819793701,1077.86669921875,957.9921646118164
12.0,1238.5709533691406,924.9456481933594,1265.1686401367188,948.9979019165039
12.0,1518.487075805664,924.1015777587891,1548.2672576904297,954.0505294799805
12.0,1632.960205078125,924.6756629943848,1661.7671508789062,954.3028984069824
12.0,640.4462585449219,966.7409820556641,666.4479675292969,992.4998474121094
12.0,531.4798889160156,1057.584701538086,1535.4230346679688,1096.3333587646484
12.0,597.5820617675781,1148.3904724121094,639.7715454101562,1176.3486328125
12.0,1511.694580078125,1143.9788208007812,1656.3090515136719,1179.3249816894531
12.0,1152.14501953125,1186.8663024902344,1346.2615356445312,1222.1856994628906
12.0,470.0588073730469,1226.8247375488281,503.49993896484375,1254.7643737792969
12.0,823.0843200683594,1230.5107727050781,832.124267578125,1258.3361511230469
12.0,923.6587753295898,1229.0536804199219,953.8548126220703,1260.5533447265625
12.0,1221.3708801269531,1227.4458923339844,1344.047607421875,1258.1404418945312
12.0,590.7418212890625,1273.1962585449219,666.8727722167969,1306.4537048339844
12.0,1063.5392761230469,1273.275634765625,1098.2798156738281,1297.0676879882812
12.0,1058.4197998046875,1314.2700500488281,1084.5267333984375,1338.6021423339844
12.0,1261.961181640625,1314.0053100585938,1290.2933654785156,1343.66650390625
12.0,1375.333984375,1314.53076171875,1404.4548797607422,1344.314453125
12.0,1583.5035095214844,1314.4584655761719,1607.6676635742188,1340.0015258789062
12.0,527.7252502441406,1355.2000427246094,723.4286499023438,1389.6586608886719
12.0,830.6113128662109,1483.3029327392578,953.6079177856445,1510.7821350097656
12.0,1572.9537506103516,1483.1554489135742,1596.259994506836,1507.7194213867188
12.0,398.86366271972656,1523.9838180541992,611.0908203125,1557.9014892578125
12.0,889.3499145507812,1525.819839477539,916.5402374267578,1551.4430084228516
12.0,778.2697143554688,1573.1614074707031,811.8839111328125,1596.4542388916016
12.0,1229.0150756835938,1569.6788177490234,1386.9010009765625,1606.5180969238281
12.0,701.4790649414062,1615.545150756836,798.6812438964844,1644.5137023925781
12.0,656.2483825683594,1779.8606567382812,832.5597534179688,1808.1261901855469
12.0,832.91819190979,1779.6512451171875,864.3187866210938,1806.1764526367188
12.0,1072.0515747070312,1823.6165771484375,1106.2881164550781,1846.2654724121094
12.0,401.12520599365234,1860.0779113769531,965.7455444335938,1897.8011474609375
12.0,1078.5689544677734,1862.9312438964844,1253.8977661132812,1897.3782653808594
12.0,1461.1884460449219,1864.3327941894531,1666.4893798828125,1896.1153564453125
12.0,557.2774047851562,1901.875244140625,1205.1964721679688,1940.0753288269043
12.0,513.1136932373047,1948.524112701416,536.9727325439453,1973.3721466064453
12.0,745.6283569335938,1948.3250007629395,765.3250427246094,1972.8392639160156
12.0,589.9626159667969,2039.1631927490234,1478.94873046875,2078.267379760742
12.0,569.1102905273438,2122.8327026367188,588.6023559570312,2146.479507446289
12.0,926.5321807861328,2123.2442321777344,962.1916198730469,2146.649124145508
12.0,492.36334228515625,2165.597457885742,579.7750854492188,2189.4602661132812
12.0,594.7107849121094,2163.6129150390625,780.8517456054688,2195.627899169922
12.0,972.1569976806641,2164.771270751953,1006.7554931640625,2188.2754516601562
12.0,811.3092346191406,2287.3291625976562,1265.2995910644531,2322.3387756347656
13.0,644.9364624023438,421.63673400878906,1778.8570556640625,458.9298553466797
13.0,487.22377014160156,465.8074035644531,570.1396942138672,501.00494384765625
13.0,671.3909912109375,507.57018280029297,829.9224853515625,542.5487976074219
13.0,1513.22412109375,552.3680877685547,1528.4957427978516,576.7803955078125
13.0,1214.3477478027344,600.5203857421875,1238.7250366210938,626.1858978271484
13.0,488.05735778808594,643.0310363769531,581.7826232910156,672.4178466796875
13.0,797.8081359863281,643.0122680664062,827.8103637695312,668.2387390136719
13.0,831.9696044921875,641.7542114257812,845.1433639526367,673.1019287109375
13.0,1348.3346500396729,641.8573303222656,1372.5266094207764,667.9953308105469
13.0,1021.6522216796875,685.3225708007812,1104.9065246582031,714.603271484375
13.0,1664.3058166503906,686.1224975585938,1751.19970703125,714.51513671875
13.0,752.7843627929688,768.7518005371094,768.4230651855469,792.6393127441406
13.0,581.945556640625,817.2351684570312,616.1261291503906,840.4547729492188
13.0,630.39599609375,854.5749816894531,1296.3732299804688,890.2616882324219
13.0,1389.6114044189453,857.2308349609375,1576.3392028808594,888.8750305175781
13.0,1240.2593994140625,899.6509017944336,1262.7120361328125,923.9110832214355
13.0,1517.106918334961,906.4382848739624,1530.9798736572266,929.9848289489746
13.0,1046.9894409179688,939.7372741699219,1071.2612915039062,970.934944152832
13.0,1326.287109375,945.3803787231445,1343.4949340820312,968.3823089599609
13.0,1416.156494140625,950.5350303649902,1438.2687149047852,965.2752838134766
13.0,1559.0912170410156,947.7054023742676,1738.0947875976562,973.0409393310547
13.0,880.9582443237305,988.8834838867188,904.5660247802734,1019.9390869140625
13.0,1219.5669555664062,988.1340713500977,1583.839599609375,1023.3335113525391
13.0,673.4282531738281,1028.7816619873047,708.7435302734375,1055.5646362304688
13.0,810.0377502441406,1030.7270965576172,929.7540435791016,1062.1050109863281
13.0,955.9300994873047,1031.4880981445312,1163.7412109375,1062.2917785644531
13.0,1624.1035461425781,1032.1763000488281,1751.7864990234375,1062.5744018554688
13.0,760.1911926269531,1073.9556732177734,782.8902893066406,1099.2664642333984
13.0,848.2598266601562,1073.1222381591797,873.0063171386719,1103.5920104980469
13.0,1088.9527587890625,1073.8272094726562,1115.3278198242188,1097.6324157714844
13.0,1708.2770385742188,1074.4057312011719,1742.7382202148438,1097.7019500732422
13.0,812.4657897949219,1110.2845916748047,1093.4380187988281,1143.3541412353516
13.0,1541.7804565429688,1113.2839813232422,1714.2057800292969,1147.6042938232422
13.0,707.6444396972656,1153.3123474121094,745.2967529296875,1182.7054138183594
13.0,1287.8824462890625,1156.2740478515625,1487.2980194091797,1190.0293273925781
13.0,903.9139251708984,1201.2247924804688,1105.0692749023438,1228.6141662597656
13.0,1454.7696990966797,1206.3160400390625,1478.5512084960938,1228.9978942871094
13.0,1645.6817626953125,1206.0742492675781,1672.2088317871094,1228.1795654296875
13.0,558.1195068359375,1237.5257873535156,971.9879760742188,1274.3802185058594
13.0,889.3498229980469,1285.0234985351562,1218.6462097167969,1322.0193786621094
13.0,1303.6434631347656,1290.0861206054688,1327.3438110351562,1314.9999084472656
13.0,1343.9831504821777,1286.53466796875,1415.6919403076172,1317.8088073730469
13.0,490.7465362548828,1331.3164672851562,523.6161956787109,1361.6088256835938
13.0,1009.8513793945312,1332.5903015136719,1091.7362060546875,1362.2890319824219
13.0,1115.8163146972656,1331.3765258789062,1148.5800170898438,1360.22314453125
13.0,490.1946105957031,1374.6856079101562,516.24169921875,1399.0559387207031
13.0,716.4057006835938,1373.9542236328125,747.6253051757812,1403.2197265625
13.0,964.2571716308594,1373.2729187011719,996.5361633300781,1402.9245910644531
13.0,1185.7506103515625,1371.2446899414062,1345.4788208007812,1407.5719299316406
13.0,1347.4606628417969,1370.4013061523438,1658.8673706054688,1406.9919738769531
13.0,545.1259460449219,1413.2019081115723,1085.2606201171875,1449.553955078125
13.0,1345.085708618164,1414.5136051177979,1411.5327072143555,1447.461929321289
13.0,1666.1253356933594,1416.2580728530884,1689.4027099609375,1440.210620880127
13.0,635.1622924804688,1465.058250427246,670.5165405273438,1488.9272842407227
13.0,750.1631774902344,1465.424877166748,783.7011108398438,1489.3740768432617
13.0,832.2551002502441,1457.656478881836,864.2316856384277,1487.9320526123047
13.0,1305.2501525878906,1458.0054512023926,1329.9664916992188,1486.7131652832031
13.0,1475.9269561767578,1454.5849838256836,1742.9170837402344,1490.421745300293
13.0,746.93994140625,1500.2908477783203,781.4614868164062,1522.745964050293
13.0,1062.6293182373047,1556.4738159179688,1194.2196655273438,1590.7303619384766
13.0,1166.0640258789062,1648.8860321044922,1199.0947570800781,1673.7770385742188
13.0,494.22161865234375,1740.68798828125,525.463623046875,1764.8514099121094
13.0,1099.6112670898438,1839.2304382324219,1230.6471252441406,1873.3775329589844
13.0,492.1189880371094,1881.8603210449219,710.4110107421875,1915.5580139160156
13.0,823.4736022949219,1882.347900390625,975.7242736816406,1918.5431823730469
13.0,998.1220550537109,1883.9127197265625,1032.9623718261719,1907.543701171875
13.0,528.3965759277344,1925.3859386444092,562.640869140625,1949.0584754943848
13.0,819.232177734375,1924.6350536346436,852.36061668396,1949.900218963623
13.0,1093.6854248046875,1925.3848476409912,1107.5906066894531,1949.3309497833252
13.0,551.2169799804688,1968.145751953125,673.6631469726562,1998.783836364746
13.0,560.5845794677734,2016.4887390136719,595.1597595214844,2039.7409744262695
13.0,898.4221343994141,2014.575798034668,1141.049072265625,2046.3233947753906
13.0,1193.2291259765625,2014.357650756836,1428.1440887451172,2046.1920013427734
13.0,1524.9289855957031,2015.748794555664,1558.2373809814453,2038.9960403442383
13.0,695.6900329589844,2057.8201599121094,718.9697570800781,2082.6549377441406
13.0,1016.5431060791016,2055.7359008789062,1038.0874938964844,2081.5755157470703
13.0,1281.9020690917969,2057.0013732910156,1316.1301574707031,2080.722366333008
13.0,989.8789825439453,2098.749252319336,1013.0266876220703,2123.3683471679688
13.0,1130.0564880371094,2098.8588256835938,1154.9187316894531,2122.625518798828
13.0,1245.10498046875,2098.3711853027344,1329.4530334472656,2131.1817016601562
13.0,1343.7828063964844,2099.8455810546875,1420.1564407348633,2127.033248901367
13.0,1590.8324127197266,2098.9408416748047,1613.8092041015625,2123.8092193603516
13.0,1284.452880859375,2141.300033569336,1307.29248046875,2164.909225463867
13.0,528.0870208740234,2181.75341796875,550.2975769042969,2207.838134765625
13.0,657.0146789550781,2182.398406982422,678.2693481445312,2207.7635803222656
13.0,1080.0752563476562,2183.1065368652344,1095.6527404785156,2208.709686279297
13.0,1189.9153747558594,2182.80078125,1212.7136535644531,2208.034912109375
13.0,486.7610778808594,2225.518524169922,725.2145385742188,2257.0371704101562
13.0,820.1642456054688,2225.3499755859375,832.0748291015625,2249.5484313964844
13.0,832.0938930511475,2225.570556640625,853.6075534820557,2250.075714111328
13.0,1284.3211059570312,2225.6109008789062,1309.8920288085938,2250.3517150878906
13.0,982.0534820556641,2261.474578857422,1129.7766723632812,2293.020751953125
13.0,1238.6283569335938,2266.2796630859375,1388.7227325439453,2301.017059326172
14.0,446.2862243652344,414.6915473937988,543.4306945800781,449.2881774902344
14.0,597.6640625,414.7224292755127,667.5652770996094,448.8839416503906
14.0,706.1434631347656,585.0186462402344,731.5782775878906,608.9262847900391
14.0,1214.6740417480469,581.1147155761719,1453.0161743164062,616.4059753417969
14.0,740.3707885742188,652.9180908203125,846.8506011962891,684.2183532714844
14.0,1210.0401000976562,650.6239013671875,1313.7837524414062,685.4812622070312
14.0,1013.2370300292969,746.1518249511719,1108.179443359375,775.6692810058594
14.0,1174.6141052246094,838.1553344726562,1258.4940795898438,866.2564392089844
14.0,626.8185424804688,878.7743530273438,669.1921081542969,908.0606670379639
14.0,609.2916870117188,926.1626968383789,900.2602310180664,960.7240982055664
14.0,1428.035659790039,928.222484588623,1466.314712524414,956.3821792602539
14.0,390.3743667602539,970.5802001953125,555.07470703125,1001.1538848876953
14.0,1025.9789123535156,967.5377655029297,1269.8255004882812,1001.3930206298828
14.0,610.0810852050781,1034.3241424560547,785.6524047851562,1068.1096801757812
14.0,893.0970764160156,1035.7816772460938,917.6881408691406,1060.6185607910156
14.0,1257.8312683105469,1034.1198272705078,1368.70361328125,1065.814926147461
14.0,1424.1124877929688,1034.9207763671875,1448.4563064575195,1059.3992614746094
14.0,725.4184265136719,1078.7872619628906,738.099365234375,1102.2770538330078
14.0,1094.5471801757812,1077.5319213867188,1171.7633361816406,1107.1505279541016
14.0,955.9456939697266,1119.8005065917969,1033.6942749023438,1148.6501007080078
14.0,1421.3555603027344,1119.5372467041016,1446.9672546386719,1143.7206573486328
14.0,456.8558349609375,1161.0889587402344,699.2354736328125,1192.073486328125
14.0,759.1321716308594,1161.8471069335938,784.4568176269531,1186.1194763183594
14.0,1131.1463012695312,1161.3783874511719,1146.0931091308594,1186.4161376953125
14.0,1631.749267578125,1203.0444641113281,1656.2243041992188,1227.56201171875
14.0,535.4004516601562,1287.6693725585938,560.9210205078125,1311.8183898925781
14.0,900.9506454467773,1287.3292541503906,912.7288360595703,1311.9695739746094
14.0,1011.0508117675781,1286.9871215820312,1036.6052856445312,1310.9521484375
14.0,549.3959503173828,1328.6581115722656,575.1870880126953,1354.3758544921875
14.0,761.3479309082031,1379.2125244140625,797.2653503417969,1406.7120056152344
14.0,1274.0018615722656,1376.4687194824219,1343.9829711914062,1406.2552490234375
14.0,1345.0023345947266,1376.6814575195312,1654.2267456054688,1407.6143188476562
14.0,394.4341735839844,1421.927264213562,432.41905212402344,1450.1181602478027
14.0,980.3525390625,1420.98805809021,1020.6907348632812,1453.9940567016602
14.0,1166.4576721191406,1418.608699798584,1437.6681289672852,1453.500717163086
14.0,866.106819152832,1462.755630493164,905.2236328125,1495.2282638549805
14.0,1415.6334228515625,1461.8972473144531,1451.3777923583984,1490.6056213378906
14.0,1494.2725219726562,1500.8881072998047,1567.7243041992188,1535.568016052246
14.0,809.9147338867188,1544.2351684570312,832.1371459960938,1574.3612213134766
14.0,698.8346252441406,1586.5474090576172,739.1821899414062,1615.3170623779297
14.0,991.3546447753906,1586.6990203857422,1124.1377563476562,1617.001220703125
14.0,1424.810905456543,1586.5078125,1530.5261840820312,1617.066635131836
14.0,388.7333068847656,1624.6633911132812,735.8896789550781,1661.686752319336
14.0,880.5269317626953,1627.4817810058594,992.6724243164062,1661.7217254638672
14.0,1136.3971862792969,1624.2855224609375,1471.1935501098633,1661.571060180664
14.0,1141.4606018066406,1671.0034484863281,1179.0486450195312,1699.2094421386719
14.0,1389.6058349609375,1670.68408203125,1429.0918273925781,1702.4187316894531
14.0,841.3647766113281,1741.034423828125,925.3520278930664,1768.1102905273438
14.0,1001.4871063232422,1739.0671997070312,1080.5914001464844,1768.2508544921875
14.0,1451.038185119629,1735.0528259277344,1654.3917846679688,1765.2066040039062
14.0,722.213134765625,1781.90869140625,763.0206604003906,1810.3449096679688
14.0,397.0799255371094,1824.1223754882812,440.6836395263672,1853.2327575683594
14.0,791.1295166015625,1820.4566650390625,1026.2392272949219,1856.1600646972656
14.0,1148.1278686523438,1888.5939636230469,1171.4701843261719,1917.6322631835938
14.0,621.5308837890625,1967.641212463379,654.9135131835938,1998.7373123168945
14.0,711.0678405761719,1965.3590812683105,832.5745849609375,2005.7208251953125
14.0,845.6842346191406,1966.795883178711,1422.6338653564453,2005.5596008300781
14.0,830.7795257568359,2053.9239959716797,1259.4295654296875,2095.6407928466797
14.0,780.2606506347656,2131.4124298095703,790.9488525390625,2153.5496826171875
14.0,1332.7409057617188,2134.3590545654297,1344.0902099609375,2159.8414459228516
14.0,1496.4786376953125,2130.9105834960938,1590.8998107910156,2159.543960571289
14.0,491.4777069091797,2170.401077270508,518.3166046142578,2197.4352111816406
14.0,526.3303680419922,2252.771209716797,832.2321166992188,2289.30126953125
14.0,839.6138458251953,2250.8445434570312,1533.6589660644531,2293.7646484375
15.0,603.4403076171875,503.0338363647461,1656.5845031738281,543.6136016845703
15.0,789.6866149902344,591.9038696289062,864.2781600952148,620.5692596435547
15.0,1277.3296203613281,592.459716796875,1303.204345703125,621.6302337646484
15.0,635.5321044921875,667.2767028808594,828.2889404296875,706.9029235839844
15.0,834.8312911987305,668.1713256835938,974.7457275390625,707.1138305664062
15.0,991.7261657714844,669.0470275878906,1100.2586364746094,701.7664489746094
15.0,1108.1029052734375,668.1591796875,1282.336181640625,707.1332092285156
15.0,1287.805908203125,668.1416015625,1610.8345947265625,707.3487243652344
15.0,967.73486328125,757.6371154785156,994.0713195800781,787.0422058105469
15.0,849.3230895996094,834.28955078125,1373.3888549804688,872.45166015625
15.0,1270.5636291503906,921.3139209747314,1505.6131286621094,956.1885070800781
15.0,1279.2837524414062,965.052604675293,1301.5249328613281,994.5419692993164
15.0,1372.4930267333984,965.0172653198242,1445.6277465820312,994.8283538818359
15.0,770.622802734375,1005.2981491088867,845.8716125488281,1039.3632507324219
15.0,1255.9308776855469,1007.3874893188477,1289.9264831542969,1030.737808227539
15.0,830.7604522705078,1153.984130859375,920.9138031005859,1188.3157653808594
15.0,1048.111312866211,1259.0958862304688,1152.5939636230469,1293.0604248046875
15.0,1360.6291847229004,1324.1893005371094,1469.7165832519531,1355.0021667480469
15.0,1655.2048034667969,1321.83349609375,1760.0166931152344,1356.2183837890625
15.0,888.3361587524414,1363.5082397460938,1034.6698455810547,1398.8314208984375
15.0,1500.4928894042969,1366.1177978515625,1539.9921875,1394.0783386230469
15.0,753.8020935058594,1408.6664237976074,830.7804870605469,1436.1014022827148
15.0,1009.0492553710938,1407.8938932418823,1265.4693603515625,1437.4209594726562
15.0,1094.072021484375,1449.8633728027344,1132.5571594238281,1478.1245727539062
15.0,1503.5846099853516,1513.7666473388672,1538.352279663086,1536.3051147460938
15.0,507.12071228027344,1551.9666137695312,832.6563110351562,1586.4005126953125
15.0,1647.9269409179688,1553.1026611328125,1752.6902160644531,1587.606460571289
15.0,1406.1629066467285,1617.0528411865234,1509.0562744140625,1650.3958587646484
15.0,1527.4764709472656,1658.1624603271484,1630.9781188964844,1691.9118041992188
15.0,1060.982192993164,1744.1987915039062,1139.3583068847656,1768.6535949707031
15.0,1215.5896301269531,1743.848876953125,1296.2571105957031,1771.9533386230469
15.0,1710.0481872558594,1743.257568359375,1725.2843627929688,1769.374267578125
15.0,603.3207092285156,1786.2640991210938,614.3922424316406,1809.5693359375
15.0,1369.2778339385986,1785.9036865234375,1410.8861389160156,1813.70166015625
15.0,1713.4424133300781,1786.2720642089844,1750.3742370605469,1813.6677856445312
15.0,596.2425537109375,1834.7941284179688,621.8040161132812,1858.8081359863281
15.0,822.8379516601562,1831.2566833496094,1025.4658660888672,1866.8785400390625
15.0,1114.5224609375,1834.6575622558594,1148.942138671875,1858.0376892089844
15.0,497.96234130859375,1873.9207458496094,683.7672729492188,1908.4418334960938
15.0,1111.3477172851562,1874.5762634277344,1185.52783203125,1908.5085754394531
15.0,502.4086608886719,1927.7660446166992,514.2398376464844,1951.6981620788574
15.0,1054.4625091552734,1926.4630508422852,1081.2806854248047,1950.543212890625
15.0,1360.9567337036133,1918.7722854614258,1491.1479187011719,1957.7749862670898
15.0,1667.9916381835938,1924.854962348938,1765.5057983398438,1956.4675979614258
15.0,967.9643402099609,1976.6838073730469,985.3365478515625,1992.8144073486328
15.0,1009.4236145019531,1967.2201690673828,1169.78662109375,1997.5922470092773
15.0,1649.1617431640625,1967.6560974121094,1681.8865661621094,1997.6020202636719
15.0,561.4227600097656,2008.8051300048828,728.8804321289062,2042.7314224243164
15.0,751.4208679199219,2005.950180053711,1160.097900390625,2041.8877563476562
15.0,1246.1522216796875,2006.868392944336,1605.7557983398438,2042.0145874023438
15.0,570.6690368652344,2051.793426513672,706.4522094726562,2081.986312866211
15.0,653.2726440429688,2100.8702087402344,677.9878845214844,2125.562255859375
15.0,1549.2590637207031,2099.1361541748047,1649.4122924804688,2133.112838745117
15.0,1727.5706176757812,2100.939666748047,1753.0596923828125,2124.557403564453
15.0,1079.9359436035156,2138.387222290039,1349.980224609375,2173.969741821289
15.0,1494.2319946289062,2142.1644134521484,1586.3134307861328,2173.3953857421875
15.0,1601.4598999023438,2144.275436401367,1627.5679321289062,2173.081253051758
15.0,1228.2138671875,2183.3414001464844,1301.7149658203125,2219.2596435546875
15.0,583.9422912597656,2226.5784606933594,609.2960815429688,2251.63818359375
15.0,866.8996734619141,2225.1304626464844,1070.0137176513672,2259.6224060058594
15.0,1127.0737915039062,2225.5946350097656,1225.5579833984375,2252.4825439453125
15.0,1243.388671875,2227.1180114746094,1345.1995239257812,2258.956024169922
15.0,1346.0637664794922,2221.699676513672,1536.7641906738281,2259.817840576172
15.0,717.5096740722656,2278.0455932617188,740.66552734375,2293.0674743652344
15.0,831.1762542724609,2269.396759033203,932.0935897827148,2301.1388244628906
15.0,1399.845359802246,2269.9232482910156,1434.5193481445312,2298.7515258789062
15.0,1587.5984191894531,2268.072509765625,1755.201171875,2301.3768615722656
16.0,395.87791442871094,433.70430755615234,1042.9269256591797,471.44859313964844
16.0,1121.8924255371094,434.83467864990234,1564.133285522461,471.7699279785156
16.0,401.0846252441406,478.1304931640625,540.5216369628906,509.712890625
16.0,701.8597412109375,578.0009002685547,1359.5452880859375,617.8054656982422
16.0,563.9570922851562,637.3432006835938,758.9380798339844,673.1036682128906
16.0,845.7514343261719,639.3162536621094,922.4532623291016,670.5615844726562
16.0,1503.0198059082031,641.3470764160156,1544.7249145507812,668.8310241699219
16.0,1629.9358215332031,640.5771789550781,1664.1453857421875,669.3272705078125
16.0,735.7266235351562,683.3466796875,749.9310607910156,709.0069274902344
16.0,1285.1405944824219,690.9559020996094,1302.0769958496094,712.5548400878906
16.0,1448.9537658691406,682.5711059570312,1545.9564514160156,713.3663024902344
16.0,398.11090087890625,723.6317138671875,516.5449523925781,755.9778137207031
16.0,748.5711669921875,772.9311828613281,1326.9204711914062,817.7947387695312
16.0,860.4230194091797,831.1368713378906,1217.0593872070312,868.6636047363281
16.0,445.0038757324219,895.5361928939819,469.3769226074219,919.7817115783691
16.0,752.6059265136719,939.7043838500977,935.1925048828125,978.273681640625
16.0,943.2862854003906,938.8176574707031,1314.0077819824219,977.8364639282227
16.0,557.1160736083984,995.0366516113281,973.7822875976562,1033.9102630615234
16.0,1624.5445556640625,1002.6165466308594,1663.444580078125,1030.3157806396484
16.0,473.6316375732422,1044.1355895996094,506.68519592285156,1072.743911743164
16.0,883.4759101867676,1042.5816955566406,986.8238372802734,1075.4471435546875
16.0,1007.1028747558594,1149.8011169433594,1113.057373046875,1183.5396728515625
16.0,531.3915710449219,1288.938720703125,637.0386047363281,1322.4161682128906
16.0,920.2698364257812,1288.5145874023438,993.9506225585938,1322.2696533203125
16.0,839.2001686096191,1339.1379699707031,920.482177734375,1362.075927734375
16.0,1005.3581695556641,1339.2544860839844,1091.4573364257812,1363.5558776855469
16.0,505.12628173828125,1564.247299194336,530.1842956542969,1588.6272430419922
16.0,403.1495819091797,1606.3580169677734,428.9914855957031,1631.5626068115234
16.0,802.5283203125,1689.7871704101562,831.9386291503906,1719.1335144042969
16.0,751.5608520507812,1789.9683532714844,777.0933837890625,1814.7288513183594
16.0,1224.9486389160156,1789.6510314941406,1246.438232421875,1814.1958923339844
16.0,1514.566665649414,1790.7833557128906,1547.8630065917969,1814.0477600097656
16.0,404.83201599121094,1830.4812927246094,504.1134033203125,1863.5443115234375
16.0,725.2432556152344,1832.2149658203125,759.4540405273438,1855.9959716796875
16.0,811.4597473144531,1830.729248046875,832.7135009765625,1859.8863220214844
16.0,833.3375091552734,1832.4094543457031,849.9873199462891,1859.3437805175781
16.0,911.2667846679688,1829.3749389648438,1076.2853088378906,1863.9333190917969
16.0,797.5109252929688,1886.194091796875,1309.8868713378906,1921.0169067382812
16.0,1119.8042297363281,1942.3285465240479,1238.6799926757812,1976.8992729187012
16.0,1526.5244750976562,1944.4555473327637,1540.2284851074219,1968.3507995605469
16.0,702.1711120605469,2025.4073333740234,834.0457763671875,2059.8654174804688
16.0,1531.6148681640625,2025.5872421264648,1663.6057739257812,2059.661117553711
16.0,495.60516357421875,2067.4785766601562,788.831298828125,2102.6355743408203
16.0,1334.4829406738281,2067.078369140625,1578.0611419677734,2101.3614654541016
16.0,983.6267700195312,2110.733657836914,1021.09619140625,2135.2359619140625
16.0,1116.2775573730469,2109.701889038086,1193.3783874511719,2141.6419067382812
16.0,1343.6712198257446,2152.2625122070312,1364.2015285491943,2179.3439025878906
16.0,1437.895637512207,2194.08837890625,1658.48828125,2229.1234436035156
16.0,890.4519577026367,2235.9414672851562,1231.6461791992188,2270.7540283203125
16.0,1501.766616821289,2239.0276489257812,1543.4014129638672,2263.6280517578125
16.0,1642.1190795898438,2239.0303344726562,1667.4653930664062,2263.1613159179688
17.0,1442.7603607177734,675.3916320800781,1469.5979766845703,693.7361145019531
17.0,1030.2806243896484,1335.2513732910156,1056.991455078125,1358.5875854492188
